<?xml version="1.0" encoding="UTF-8"?>
<Configuration monitorInterval="60">

<!-- Server Configuration -->
<!--  
	<Properties>
	    <Property name="log-path">E:\Chatbotlogs</Property>   
		          <Property name="log-path">/chatbot/svgbotaws</Property>    
		          <Property name="log-path">G:\chatbot\logs</Property>    
	
	</Properties>
	<Appenders>
		<RollingFile name="RollingFile-Appender" fileName="${log-path}/svgbotaws.log"
			filePattern="${log-path}/svgbotaws_%d{yyyy-MM-dd-hh-mm}.log">
			<PatternLayout
				pattern="[%-5level] %d{yyyy-MM-dd HH:mm:ss.SSS} [%t] %x %c{1} - %msg%n" />
			<Policies>
				<SizeBasedTriggeringPolicy size="10MB" />
			</Policies>
		</RollingFile>
	</Appenders>

	<Loggers>
		<Logger name="org.springframework.web" level="info" additivity="false">
			<AppenderRef ref="RollingFile-Appender" />
		</Logger>
		<Logger name="org.hibernate" level="info" additivity="false">
			<AppenderRef ref="RollingFile-Appender" />
		</Logger>
		<Logger name="com.mli" level="info" additivity="false">
			<AppenderRef ref="RollingFile-Appender" />
		</Logger>
		<Root>
			<AppenderRef ref="RollingFile-Appender" />
		</Root>
	</Loggers>


-->
<!-- Development Configuration -->
 
	<Properties>
		<Property name="log-path">E:\\Chatbotlogs</Property>
	</Properties>
	<Appenders>
		<Console name="Console-Appender" target="SYSTEM_OUT">
			<PatternLayout>
				<pattern>
					[%-5level] %d{yyyy-MM-dd HH:mm:ss.SSS} [%t] %x %c{1} - %msg%n
				</pattern>
				<Policies>
					<SizeBasedTriggeringPolicy size="10MB" />
				</Policies>
			</PatternLayout>
		</Console>
		<RollingFile name="App-File-Appender" fileName="${log-path}/leadbot.log"
			filePattern="${archive}/leadbot_%d{yyyy-MM-dd-hh-mm}.gz">
			<PatternLayout
				pattern="[%-5level] %d{yyyy-MM-dd HH:mm:ss.SSS} [%t] %x %c{1} - %msg%n" />
			<Policies>
					<SizeBasedTriggeringPolicy size="10MB" />
			</Policies>
		</RollingFile>
		<!-- <RollingFile name="Boot-File-Appender" fileName="${log-path}/leadbot_spr.log"
			filePattern="${archive}/leadbot_spr_%d{yyyy-MM-dd-hh-mm}.gz">
			<PatternLayout
				pattern="[%-5level] %d{yyyy-MM-dd HH:mm:ss.SSS} [%t] %x %c{1} - %msg%n" />
			<Policies>
					<SizeBasedTriggeringPolicy size="10MB" />
			</Policies>
		</RollingFile> -->
	</Appenders>
	
	<Loggers>
		<Logger name="org.springframework.web" level="info" additivity="false">
			<AppenderRef ref="App-File-Appender" />
			<AppenderRef ref="Console-Appender" />
		</Logger>
		<Logger name="com.qc" level="info" additivity="false">
			<AppenderRef ref="App-File-Appender" />
			<AppenderRef ref="Console-Appender" />
		</Logger>
		<Logger name="org.hibernate" level="info" additivity="false">
			<AppenderRef ref="App-File-Appender" />
			<AppenderRef ref="Console-Appender" />
		</Logger>
		<Root>
			<AppenderRef ref="App-File-Appender" />
			<!-- <AppenderRef ref="Boot-File-Appender" /> -->
			<AppenderRef ref="Console-Appender" />
		</Root>
	</Loggers> 

</Configuration>